,name,avg,stdev,95CI-,95CI+,min,max
0,Unnamed: 0,4999.5,2886.8956799071675,4942.914015303849,5056.085984696151,0,9999
1,Duration,186.3891,120.63467898480675,184.024542061045,188.75365793895503,2.0,565.0
2,Epidemic,455.7266,321.8987420485722,449.41706917141926,462.0361308285808,0,783
3,extinctions,0.3326,0.47116816524887845,0.3233646421816863,0.3418353578183137,False,True
4,ep_high,290.5694,204.93371310332674,286.55249837307207,294.5863016269279,0,476
5,ep_low,165.1572,117.35543241755701,162.85691850766577,167.4574814923342,0,311
6,Rt,0.9631346,0.7316411456167812,0.9487937164838083,0.9774754835161916,0.265,2.0
