,name,avg,stdev,95CI-,95CI+,min,max
0,r.num,5000.5,2886.8956799071675,4943.914015303849,5057.085984696151,1,10000
1,Duration,180.02955,117.97774684944898,177.7170705348868,182.3420294651132,1.5,533.75
2,Epidemic,448.8117,324.88830432032853,442.44357082090204,455.1798291790979,0.0,775.0
3,extinctions,0.3439,0.4750319521206479,0.33458890817220444,0.35321109182779553,False,True
4,Rt,0.979388,0.7383329052696354,0.964915951436196,0.993860048563804,0.29,2.0
5,ep_high,286.0451,206.73721796938105,281.9928479101301,290.0973520898699,0.0,470.0
6,ep_low,162.7666,118.53356547853653,160.44322594501358,165.08997405498644,0.0,309.0
7,Unnamed: 6,,,,,,
