,Range,PDF,CDF
0,0.0,0.4,0.4
1,50.0,0.0,0.4
2,100.0,0.0,0.4
3,150.0,0.13333333333333333,0.5333333333333333
4,200.0,0.13333333333333333,0.6666666666666666
5,250.0,0.03333333333333333,0.7
6,300.0,0.13333333333333333,0.8333333333333334
7,350.0,0.13333333333333333,0.9666666666666667
8,400.0,0.03333333333333333,1.0
9,450.0,0.0,1.0
10,500.0,0.0,1.0
11,550.0,0.0,1.0
12,600.0,0.0,1.0
13,650.0,0.0,1.0
14,700.0,0.0,1.0
15,750.0,0.0,1.0
16,800.0,0.0,1.0
17,850.0,0.0,1.0
18,900.0,0.0,1.0
19,950.0,0.0,1.0
