,name,avg,stdev,95CI-,95CI+,min,max
0,Unnamed: 0,4999.5,2886.8956799071675,4942.914015303849,5056.085984696151,0,9999
1,Duration,188.212275,120.12047843106613,185.85779589585266,190.56675410414735,1.5,485.0
2,Epidemic,460.1207,320.00535694634465,453.84828137507947,466.39311862492053,0.0,773.0
3,extinctions,0.3256,0.46862202323414764,0.31641454906058136,0.33478545093941864,False,True
4,ep_high,293.6325,204.24230496070976,289.6291506502982,297.6358493497018,0.0,505.0
5,ep_low,166.4882,116.5252808401142,164.20419029219323,168.77220970780678,0.0,322.0
6,Rt,0.9525003,0.7272634903653227,0.9382452228171607,0.9667553771828392,0.30000000000000004,2.108
