,name,avg,stdev,95CI-,95CI+,min,max
0,r.num,5000.5,2886.8956799071675,4943.914015303849,5057.085984696151,1,10000
1,Duration,180.332225,118.58269696039643,178.00788791981665,182.65656208018333,1.75,495.5
2,Epidemic,448.4524,324.87250198884925,442.0845805620865,454.8202194379135,0.0,770.0
3,extinctions,0.344,0.475064804691808,0.3346882642296118,0.35331173577038816,False,True
4,Rt,0.980007,0.738474620029316,0.9655321736880154,0.9944818263119846,0.3,2.11
5,ep_high,286.1777,207.31212109827402,282.11417924535647,290.24122075464356,0.0,507.0
6,ep_low,162.2747,118.32181390206333,159.95547648344456,164.59392351655544,0.0,313.0
7,Unnamed: 6,,,,,,
