,name,avg,stdev,95CI-,95CI+,min,max
0,Unnamed: 0,4999.5,2886.8956799071675,4942.914015303849,5056.085984696151,0,9999
1,Duration,185.6212,127.35006793103884,183.12501385612404,188.11738614387593,1.5,700.25
2,Epidemic,443.5834,330.2676156001848,437.1098310476964,450.0569689523036,0.0,839.0
3,extinctions,0.347,0.47603955861476116,0.3376691580973914,0.35633084190260855,False,True
4,ep_high,281.1315,207.32048810049773,277.0678152439126,285.19518475608743,0.0,523.0
5,ep_low,162.4519,124.52646293212956,160.01105928144312,164.89274071855687,0.0,364.0
6,Rt,0.9598272385832088,0.7260012379228015,0.9455969027853433,0.9740575743810744,0.230969089932298,2.561046178233902
